company,category,one_liner,platforms,test_creation,test_maintenance,pricing_model,published_prices_usd,target_customer_assessment,funding,stage,founded,hq,named_customers,top_3_complaints,status_notes,sources
QA Wolf,AI platform + managed service,"Managed end-to-end test coverage (humans + AI writing Playwright tests), plus a self-serve AI platform","Platform: web (Chrome, Firefox, WebKit). Managed service: web, iOS, Android, Electron",Code generation (Playwright) by AI agents and QA Wolf's human team,Human team: 24-hour investigation and maintenance; 'guaranteed zero flakes' (managed service),"Self-serve usage (AI credits + runner minutes, no seats); managed service custom by number of tests","Platform: $0.01/AI credit, $0.15/runner minute. Managed: custom (third-party: ~$40-44/test/month historically, unverified)",Mid-market to enterprise (managed); startups (self-serve),$36M Series B led by Scale Venture Partners (2024); ~$57M total,Series B,2019,"Seattle, US",None on pricing page,"1) Cost, especially across multiple environments 2) Slow runs on large suites 3) Ramp-up time before full coverage; some flakiness and limited API testing reported",Moved from per-test pricing to usage + managed tiers,https://www.qawolf.com/pricing ; https://www.glynncapital.com/news/2024/10/31/qa-wolf-raises-36-million-series-b ; https://www.g2.com/products/qa-wolf/reviews?qs=pros-and-cons ; https://bug0.com/knowledge-base/qa-wolf-pricing
Momentic,AI testing platform,AI testing platform where tests are natural-language steps run by an AI agent,"Web (Chromium per third-party reviews), Android, iOS","Natural language steps, interpreted by AI at run time",AI self-healing at run time (AI/recovery steps cost 2 credits),"Credits (1 per step, 2 per AI/recovery step)","Free $0 (2,000 credits/mo, ~200 runs); Pay-as-you-go $125/mo + $0.01875/credit (10,000 credits ~1,000 runs); Enterprise custom",Startups to mid-market,"$3.7M seed (Mar 2025, FundersClub lead, YC); $15M Series A (Nov 2025, Standard Capital); $19.2M total",Series A,not found,not found,None on pricing page,"1) Chromium-only browsers (third-party review) 2) No code export, tests stay in Momentic (lock-in) 3) Mobile setup complex. No G2 reviews found",Company claims 200M+ steps run in one month,https://momentic.ai/pricing ; https://techcrunch.com/2025/11/24/momentic-raises-15m-to-automate-software-testing ; https://siliconangle.com/2025/03/04/momentic-raises-3-7m-redefine-software-testing-ai/ ; https://bug0.com/knowledge-base/momentic-review
QA.tech,AI testing agent,"AI agent that explores a web app and runs end-to-end tests from natural-language goals, including on PRs","Web; mobile (iOS/Android), API and voice listed on pricing page",Autonomous AI exploration + natural language,AI agent (vendor claim; details not verified),"Tiered plans (users, parallel runs, environments); prices not public","Not published (Starter, Growth, Enterprise)",Startups to mid-market,EUR 1M pre-seed; EUR 3M seed led by PROfounders (2024),Seed,2023,"Stockholm, Sweden","Lovable, AstraZeneca, Upsales (pricing page); Leya, Virtusize, Shoplab (2024 press)",not found (no G2 reviews located),,https://qa.tech/pricing ; https://arcticstartup.com/qa-tech-raises-e3-million-seed/ ; https://news.ycombinator.com/item?id=42117902
mabl,AI-native test automation platform,"Low-code test automation platform with auto-healing, for web, mobile, API, accessibility and performance","Web, mobile (add-on), API; also accessibility and performance testing",Low-code recorder + AI assistance,Self-healing (auto-heal),Custom quote; credits for cloud runs; unlimited local runs and concurrency,Not published; starts at 500 cloud-run credits/mo. Third-party: from ~$450/mo (unverified),Mid-market to enterprise,~$76.1M total (aggregator); $20M Series B,Growth (Series B+),2016,"Boston, US","Mercedes-Benz, LendingClub Bank, JetBlue (pricing page)","1) Price, and no public prices 2) Slow cloud execution vs local Playwright/Selenium 3) Setup complexity ('overly complicated solution that actually slows teams down', one G2 reviewer); mobile gaps","Revenue estimate $17.9M (2024, getlatka, unverified)",https://www.mabl.com/pricing ; https://tracxn.com/d/companies/mabl/__b9wljjy7_SAZSPVCj34bz9RedSOIojaJFYuWPFn4iBk ; https://g2.com/products/mabl/reviews ; https://www.capterra.com/p/175029/mabl/reviews/ ; https://www.drizz.dev/post/mabl-testing
testRigor,Codeless AI test automation,"Tests written as plain-English steps; covers web, mobile, desktop, API, email, SMS and 2FA","Web, mobile, desktop, API (vendor claim via third-party summaries); email, SMS, phone calls, 2FA/TOTP (vendor docs)",Natural language (plain-English steps),Plain-English steps reduce locator breakage; reviews report flaky runs,"Priced per parallelization, unlimited users; free public tier","Official pricing page returned 404. Third-party: Free public plan (1 parallel, tests public); Pro ~$900-1,000/mo (unverified)",Mid-market to enterprise,"$4.1M seed (Aug 2021; Flashpoint, YC) per aggregators; other totals conflict (unverified)",Seed/Series A (unverified),2015,"San Francisco, US","Netflix, Cisco, Burger King, IDT, Medrio (aggregator, unverified)",1) Flaky/false failures when the app or environment is slow; timing issues 2) Hard to debug: error messages don't show the root cause 3) Tests stay in testRigor's own language (no export); pricing for larger teams,Strongest built-in support for OTP/2FA/SMS/email among the tools reviewed,https://www.g2.com/products/testrigor/reviews?qs=pros-and-cons ; https://getautonoma.com/blog/testrigor-pricing ; https://www.cbinsights.com/company/testrigor ; https://testrigor.com/how-to-articles/how-to-do-sms-2fa-and-phone-call-testing-using-testrigor/ ; https://testrigor.com/how-to-articles/how-to-automate-2fa-login-with-totp-using-testrigor/
Virtuoso QA,AI test automation platform,"Natural-language test authoring with self-healing, sold on verified outcomes",Web; mobile lighter (reviews); API unverified,Natural language authoring,Self-healing,Consumption and capacity models; custom quote,Not published,Enterprise,"$13.3M Series A (Nov 2021, Paladin Capital); ~$23.6M total (aggregator)",Series A,2016,"London, UK",None on pricing page,"1) Expensive, quote-based 2) Complexity and difficult navigation 3) Slow performance; no export (leaving means a rewrite)",,https://www.virtuosoqa.com/pricing ; https://www.crunchbase.com/organization/virtuoso-qa ; https://www.g2.com/products/virtuoso-qa/reviews
Octomind,AI E2E test generation (discontinued),"AI generated, ran and maintained Playwright tests for web apps",Web,AI discovery generating Playwright code,AI auto-maintenance,Tiered (historical),Historical (third-party): Free; Pro $299/mo; Enterprise custom,Startups to mid-market (historical),$4.8M seed led by Cherry Ventures,Seed (shut down),2023,"Karlsruhe, Germany",not found,HN launch thread: noisy visual diffs; doubt AI can debug complex problems; sign-in agent struggled with icons,Discontinued May 2026 per stackpick.net; octomind.dev no longer resolves (checked 2026-10-01). A funded AI testing startup failing is a market signal,https://stackpick.net/tools/octomind/ ; https://bug0.com/knowledge-base/what-is-octomind ; https://news.ycombinator.com/item?id=37645376
Functionize,AI test automation (enterprise),Enterprise AI test automation with AI agents claiming large maintenance reductions,Web; mobile and API gaps noted in reviews,AI agents + recorded/NL tests,AI self-healing (vendor claims up to 90% lower maintenance),Consumption-based SaaS; not public,Not published,Enterprise,"$41M Series B (2025-08-19; Mumford Investments, LHH Investments, Canvas, Wipro Ventures); >$67M total",Series B,2014,"San Francisco, US",not found,1) Learning curve despite 'codeless' 2) Slow execution; failures that break CI 3) Opaque/expensive pricing for small teams. One reviewer: they stopped supporting their natural-language processing,Only ~11-12 G2 reviews,https://www.prnewswire.com/news-releases/functionize-closes-41-million-series-b-to-advance-capabilities-of-its-ai-agents-to-modernize-quality-assurance-and-reduce-enterprise-test-maintenance-costs-by-up-to-90-302532875.html ; https://checkthat.ai/brands/functionize/reviews
Testim (Tricentis),AI test automation (part of Tricentis),"Record-and-play test automation with AI 'smart locators', now part of Tricentis","Web, mobile (Testim Mobile), Salesforce",Record-and-play + code customization,AI smart locators (self-healing),Free Community plan; paid tiers via sales (annual),Not published; third-party estimate $20-50k/yr for mid-market (unverified),Mid-market to enterprise,"Acquired by Tricentis, Feb 2022 (~$150M per Globes, ~$200M per CTech)",Acquired,not found,Israel (pre-acquisition),not found,1) Flaky tests and false positives; locator instability across branches 2) Expensive for small teams 3) Steep learning curve; high CPU/memory; limited customization,,"https://en.globes.co.il/en/article-tricentis-buys-israeli-test-automation-co-testim-for-150m-1001401764 ; https://www.calcalistech.com/ctech/articles/0,7340,L-3929092,00.html ; https://www.g2.com/products/tricentis-testim/reviews?qs=pros-and-cons ; https://www.trustradius.com/products/tricentis-testim/pricing"
Applitools,Visual AI testing,Visual AI checks added to existing tests (Eyes) plus an autonomous testing product,Web and mobile visual testing via SDKs,Visual assertions added to existing code tests; Autonomous product for generated tests,Visual baselines reviewed and approved by humans,Annual subscription; sales-led,"No official rate card; third-party Starter ~$667-969/mo (conflicting, unverified)",Mid-market to enterprise,Thoma Bravo strategic growth investment (Mar 2021; ~$250M reported),PE-backed,2013,"San Mateo, US (+ Tel Aviv)",not found,"1) Cost 2) Complexity, baseline management, learning curve 3) Clunky UI; delays before results appear. Visual-only scope",,https://www.thomabravo.com/press-releases/thoma-bravo-makes-strategic-investment-in-applitools ; https://www.timesofisrael.com/us-private-equity-fund-thoma-bravo-to-buy-israeli-founded-applitools/ ; https://www.g2.com/products/applitools/reviews?qs=pros-and-cons ; https://getautonoma.com/blog/applitools-pricing
Meticulous,AI frontend regression testing,Records real user sessions and replays them with mocked network to catch frontend regressions on every PR,Web frontend,Generated from recorded user sessions,Auto-maintained from new sessions,"Free for open source; paid for private repos (third-party, unverified)",Pricing page 404; not found,Startups to mid-market engineering teams,"$4M seed (Jan 2024; Coatue, Soma, YC); $15M Series A (Jul 2026; Chemistry, Menlo)",Series A,not found,"London, UK",not found,not found (no review listings located),No backend environment needed (network mocked),https://www.meticulous.ai/blog/meticulous-announces-4m-seed-round ; https://www.softwaretestingmagazine.com/news/meticulous-ai-automated-frontend-testing-platform-raises-15-million/ ; https://www.meticulous.ai/how-it-works
Rainforest QA,No-code testing platform (+ human testers),"No-code test automation platform, historically with crowd human testers",Web (other platforms unverified),No-code visual editor; AI assistance; human testers optional,AI self-healing + optional human help (vendor),Not published; consumption-based,Not published; third-party ranges $1.5k-12k+/mo (unverified),Startups to mid-market,"~$41M across 5 rounds; $25M Series B (2018, Bessemer) (competitor blog, unverified)",Series B,not found,not found,not found,"1) Flakiness 2) Slow on larger suites 3) Price for small teams (G2 4.3/5, 168 reviews)",,https://www.g2.com/products/rainforest-rainforest-qa/reviews ; https://www.vendr.com/buyer-guides/rainforest-qa ; https://bug0.com/knowledge-base/what-is-rainforest-qa
BrowserStack (AI agents),Cloud testing grid + AI agents,"Real-device and browser cloud for running tests, now with AI agents for test case generation, authoring and self-healing","Web browsers, Android and iOS real devices; accessibility; test management",Your own code (Selenium/Playwright/Appium/Cypress) + AI test-case generator from PRDs + low-code authoring agent,Self-Healing Agent (vendor claims 40% fewer build failures),"Per user / per parallel, annual; AI agents bundled in plans","Live from $29/mo (1 user, annual); Automate from $59/mo (Chrome) to $225/mo (Desktop & Mobile Pro) per parallel, annual",All sizes; strongest in mid-market and enterprise,"$200M Series B at $4B valuation (Jun 2021, BOND)",Late-stage private,2011,"Mumbai, India + Dublin",not found in fetched pages,"1) Slow sessions (20-30 s to start), lag on mobile devices 2) Expensive, especially extra parallels 3) Dropped sessions / false positives from network issues",AI agents launched 2025-06-30; Test Companion (IDE agent) Aug 2026,https://www.browserstack.com/pricing ; https://www.browserstack.com/press/browserstack-closes-200-million-in-series-b-funding-at-a-4-billion-valuation ; https://www.browserstack.com/press/browserstack-launches-suite-of-ai-agents-to-redefine-software-quality-at-scale ; https://www.g2.com/products/browserstack/reviews?qs=pros-and-cons ; https://www.capterra.com/p/162900/BrowserStack/reviews/
TestMu AI (formerly LambdaTest),Cloud testing grid + AI agent (KaneAI),"Cloud browser/device grid; KaneAI turns natural language, Jira tickets and PRDs into tests","Web, Android, iOS (real and virtual devices); visual; performance (JMeter)",Your own code on the grid + KaneAI natural language / document-to-test,"AI auto-healing (vendor claim, unverified)","Per agent / per parallel, monthly or annual; free tiers",KaneAI $17/$89/$179 per agent/mo (annual); web automation from $29/mo; real devices $199/mo; HyperExecute $159/mo,All sizes,"~$100M total; $38M Series C (2024, Avataar); investors Peak XV, Premji Invest, Qualcomm Ventures (unverified, competitor blog)",Series C,not found,India/US (unverified),not found,1) Slow at peak times and on real devices 2) Slow site/API calls 3) Inconsistent support,Rebranded LambdaTest -> TestMu AI on 2026-01-12,https://www.testmuai.com/pricing/ ; https://www.testmuai.com/lambdatest-is-now-testmuai/ ; https://bug0.com/knowledge-base/what-is-testmu-ai ; https://www.softwareadvice.com/performance-testing/lambdatest-profile/reviews/
Katalon,Test automation platform (low-code + scripting),"Test automation IDE and platform: record-and-play, keywords, scripting, test management","Web, mobile, API, desktop (vendor claim, unverified)","Record-and-play, keyword-driven, scripting",Self-healing locators (reviews want improvement),"Per seat per year + execution add-ons (Runtime Engine, TestCloud)","Free; Professional $1,000/seat/yr promo (regular $2,199; ~$84/seat/mo annual); Enterprise custom; add-ons extra",SMB to enterprise,"$27.6M Series A (Jun 2021, Elephant); ~$28.7M total",Series A,2016,"Atlanta, US + Vietnam",not found,1) Slow/unstable with large regression suites; heavy on hardware 2) Licensing cost grows with execution add-ons 3) Learning curve; limited reporting,,https://katalon.com/pricing ; https://techstartups.com/2021/06/28/atlanta-based-tech-startup-katalon-raises-27-million-series-funding-grow-test-automation-platform/ ; https://www.g2.com/products/katalon-true-platform/reviews ; https://thectoclub.com/tools/katalon-studio-review/
Autify,AI test automation,"No-code and AI-agent (Aximo) testing for web and mobile, plus Nexus built on Playwright with code export","Web, mobile",No-code recording; AI agent; Nexus: Playwright with code export/import,AI self-healing,Credits + concurrency (Aximo); per user + add-ons (Nexus),"Aximo: Free 2,000 one-time credits; Core $99/mo annual ($120 monthly); Team $450/mo annual ($550 monthly). Nexus Professional $400/mo or $3,600/yr; extra user $250/mo; cloud parallel $150/mo",Startups to mid-market,"$13M Series B (Jun 2024; Globis, LG Technology Ventures)",Series B,not found,"Tokyo, Japan + San Francisco",not found,1) Limited integrations and reporting 2) Mobile weaker than web; setup complex for new teams 3) Credits hard to forecast; self-healing can mask real regressions,,https://autify.com/pricing ; https://autify.com/blog/autify-raises-13-million-in-series-b-funding-and-launches-autify-genesis-an-autonomous-ai-agent-for-software-quality-assurance ; https://www.g2.com/products/autify/reviews?qs=pros-and-cons ; https://thectoclub.com/tools/autify-review/
Quash,AI mobile testing agent (India),Autonomous AI agents that test Android and iOS apps,"Android, iOS, web",AI agents from natural language,AI agents (vendor),Custom pricing by execution volume; device fleets billed separately,Not published,Startups to mid-market,$635K pre-seed (~INR 5.4 Cr) led by Arali Ventures (Jan 2025),Pre-seed,2023,"Bengaluru, India",not found,not found (no review listings located),,https://quashbugs.com/pricing ; https://entrackr.com/snippets/agentic-ai-startup-quash-raises-pre-seed-round-led-by-arali-ventures-8608038 ; https://theaiinsider.tech/2025/01/13/ai-startup-quash-raises-635k-for-mobile-app-testing/
Maestro (mobile.dev),Open-source mobile UI testing + cloud,Open-source mobile and web UI test framework (YAML flows) with a paid device cloud,"Android, iOS, web","YAML flows, Studio recorder; MCP for AI agents",Tolerant flows; 'self-healing with local agents' (pricing page),Open source free; cloud per device per month,Local: free. Cloud: $250/device/mo (Android/iOS); web devices on request; Enterprise custom,Startups to enterprise mobile teams,~$3M seed (Jul 2021) per aggregator; investor lists conflict (unverified),Seed (unverified),2021,"San Francisco, US","Microsoft, Meta, Uber, Disney, Stripe, Deel (vendor claim)",not found (no review volume located),Open source lowers lock-in,https://maestro.dev/pricing ; https://tracxn.com/d/companies/mobile.dev/__CnkXoG6fwRWGvF6K0pzOWOo9eeJmhNMjgyBi76bIrs8
Spur,"AI testing agent (new, funded)","Plain-English, intent-based tests for web and native mobile apps","Web, iOS, Android",Natural language,"Intent-based, adapts to UI changes (vendor)","Annual plans by test-run volume, not per seat",Not published,Mid-market e-commerce and SaaS,"$4.5M seed led by First Round (Apr 2025); Pear, Neo, Conviction; YC",Seed,not found,not found,"Abercrombie & Fitch, Vuori, Bombas, Docusign, HelloFresh, Fever (website)",not found,,https://www.spurtest.com/ ; https://www.crunchbase.com/funding_round/spur-9a21-seed--85df0f49 ; https://x.com/anushkanijhawn/status/1912918138934489180
TestSprite,"AI testing for AI-written code (new, funded)",Autonomous test agent inside the IDE/CLI/PR flow for code written with AI coding tools,Web frontend + backend API,AI agent generates tests from code and requirements,Auto-heal (Starter and up),"Credits per month, tiered",Free (150 credits); Starter $19/mo; Standard $39/mo; Pro $69/mo; Enterprise $199+/mo (min 10 seats),Individual developers and startups,"$6.7M seed (Oct 2025, Trilogy Equity Partners); $8.1M total",Seed,not found,"Seattle, US","Claims 35,000 developers incl. at Google, Apple, Microsoft (company claim)",not found,Cheapest published paid plan in this list,https://www.testsprite.com/pricing ; https://www.geekwire.com/2025/seattle-startup-testsprite-raises-6-7m-to-become-testing-backbone-for-ai-generated-code/
Checksum,AI test generation from user sessions,Generates and maintains Playwright/Cypress tests in your repo from real user sessions,Web,Code generation (Playwright/Cypress) from real sessions,Auto-heals tests when flows change,not found,not found,Startups to mid-market,Conflicting: bootstrapped (getlatka) vs $750K seed from U.ventures (Dealroom) - unverified,Early (unverified),2022,not found,not found,not found,Tests are code you own (no lock-in),https://app.dealroom.co/companies/checksum ; https://getlatka.com/companies/checksum.ai ; https://news.ycombinator.com/item?id=35629050
Drizz,"Vision-AI mobile testing (new, India-founded)","Vision-based mobile app testing from natural-language steps, no element IDs","Android, iOS",Natural language; vision AI reads the screen,"Vision-based, no selectors to break (vendor)",Not published (demo),Not published,Mobile-first startups and mid-market,"$2.7M seed (Jul 2025; Stellaris Venture Partners, Shastra VC)",Seed,2024,"Bengaluru, India (team origin; unverified HQ)",not found,not found,Publishes content on testing payment flows in mobile apps,https://www.finsmes.com/2025/07/drizz-raises-2-7m-in-seed-funding.html ; https://www.drizz.dev/pricing ; https://www.drizz.dev/post/how-to-test-payment-flows-in-mobile-apps-without-test-cards-failing-every-sprint
TesterArmy,AI testing agents (new),"AI agents for web and mobile QA, with an open-source testing framework","Web, mobile",AI agents,not found,not found,not found,not found,"$1.2M pre-seed (Script Capital, Eight Capital, AIP Seed) - single source, unverified",Pre-seed,not found,not found,not found,not found,,https://www.startupresearcher.com/news/testerarmy-raises-1-2m-pre-seed-funding
Docket (YC),AI web testing (new),Plain-English end-to-end tests kept up to date from real user sessions,Web,Natural language,Auto-updated from real sessions (vendor),not found,not found,Startups,Y Combinator (2025),Pre-seed/YC,2025,"San Francisco, US",not found,not found,2-person team (YC profile),https://www.ycombinator.com/companies/docket
Autosana (YC),AI E2E testing (new),"Agentic end-to-end testing for mobile and web, built to work with coding agents","Mobile, web",AI agent,not found,not found,not found,Startups,Y Combinator (2025),Pre-seed/YC,2025,"San Francisco, US",not found,not found,,https://www.ycombinator.com/companies/autosana
QualGent (YC),AI mobile QA (new),"AI mobile app QA tester, founded by ex-Google Android engineers",Mobile,AI agent,not found,not found,not found,Mobile startups,Y Combinator (2025),Pre-seed/YC,2025,"San Francisco, US",not found,not found,,https://www.ycombinator.com/companies/qualgent
Qualitest,QA services (outsourcing),"Large quality-engineering services firm: testing, automation, performance, accessibility, security",All (services),Human testers and automation engineers,Human team,Services contracts; not public,Not published,Enterprise,"Majority-owned by Bridgepoint (PE) since Jul 2019; 7,000+ engineers; ~$435M pro forma revenue 2022 (NelsonHall estimate)",PE-owned,not found,"Fairfield, US / Petah Tikva, Israel (sources differ)",not found,not found,,https://www.bridgepointgroup.com/investment-strategies/private-equity/portfolio/middle-market/business-and-financial-services/qualitest ; https://www.qualitestgroup.com/wp-content/uploads/2023/09/Qualitest-QE-NEAT-report-all-050723.pdf
Cigniti (Coforge),"QA services (India, listed)","Hyderabad-based quality engineering and testing services firm, now majority-owned by Coforge",All (services),Human testers and automation engineers,Human team,Services contracts; not public,Not published,Enterprise,"Listed company; Coforge acquired 54% (final tranche 2024-12-20); revenue ~INR 2,211 Cr (screener.in)",Listed / subsidiary,1998,"Hyderabad, India",not found,not found,,https://www.businesstoday.in/markets/company-stock/story/coforge-shares-in-focus-today-as-firm-completes-stake-acquisition-in-cigniti-technologies-458224-2024-12-23 ; https://www.screener.in/company/CIGNITITEC/consolidated/
QA Mentor,QA services (outsourcing),Testing services sold per tester-hour in packages,All (services),Human testers,Human team,"Per tester-hour, cheaper in larger packages",Functional testing $17-29/hr by seniority; automation $21-33/hr; security $23-35/hr,SMB to mid-market,not found,not found,not found,not found,not found,not found (Clutch 5.0 from a handful of reviews),,https://www.qamentor.com/packages-prices/economy-package/ ; https://clutch.co/profile/qa-mentor
QASource,QA services (US/India offshore),Offshore QA outsourcing with India delivery,All (services),Human testers and automation engineers,Human team,Hourly / dedicated team,$25-49/hr (Clutch listing),SMB to enterprise,not found,not found,not found,US with India operations,not found,not found,,https://clutch.co/profile/qasource
Indian QA agencies (market rates),"QA services (India, aggregate)",Typical India offshore QA rates across agencies (vendor-published survey of rates),All (services),Human testers,Human team,T&M hourly; dedicated team monthly; fixed-price projects; managed QA; outcome-based,Manual $15-35/hr; automation $20-50/hr; SDET $35-55/hr; dedicated team $4k-15k/mo (typical 4-person team $8-12k/mo); managed QA $8-25k/mo; outcome-based $2-8k/mo,SMB to enterprise,n/a,n/a,n/a,India,n/a,not researched per agency,Source is a vendor blog (Vervali); treat ranges as indicative,https://www.vervali.com/blog/how-much-does-qa-outsourcing-to-india-cost-in-2026-pricing-by-role-city-and-engagement-model/
